scenario,probability
scenario_1,0.01
scenario_2,0.01
scenario_3,0.01
scenario_4,0.01
scenario_5,0.01
scenario_6,0.01
scenario_7,0.01
scenario_8,0.01
scenario_9,0.01
scenario_10,0.01
scenario_11,0.01
scenario_12,0.01
scenario_13,0.01
scenario_14,0.01
scenario_15,0.01
scenario_16,0.01
scenario_17,0.01
scenario_18,0.01
scenario_19,0.01
scenario_20,0.01
scenario_21,0.01
scenario_22,0.01
scenario_23,0.01
scenario_24,0.01
scenario_25,0.01
scenario_26,0.01
scenario_27,0.01
scenario_28,0.01
scenario_29,0.01
scenario_30,0.01
scenario_31,0.01
scenario_32,0.01
scenario_33,0.01
scenario_34,0.01
scenario_35,0.01
scenario_36,0.01
scenario_37,0.01
scenario_38,0.01
scenario_39,0.01
scenario_40,0.01
scenario_41,0.01
scenario_42,0.01
scenario_43,0.01
scenario_44,0.01
scenario_45,0.01
scenario_46,0.01
scenario_47,0.01
scenario_48,0.01
scenario_49,0.01
scenario_50,0.01
scenario_51,0.01
scenario_52,0.01
scenario_53,0.01
scenario_54,0.01
scenario_55,0.01
scenario_56,0.01
scenario_57,0.01
scenario_58,0.01
scenario_59,0.01
scenario_60,0.01
scenario_61,0.01
scenario_62,0.01
scenario_63,0.01
scenario_64,0.01
scenario_65,0.01
scenario_66,0.01
scenario_67,0.01
scenario_68,0.01
scenario_69,0.01
scenario_70,0.01
scenario_71,0.01
scenario_72,0.01
scenario_73,0.01
scenario_74,0.01
scenario_75,0.01
scenario_76,0.01
scenario_77,0.01
scenario_78,0.01
scenario_79,0.01
scenario_80,0.01
scenario_81,0.01
scenario_82,0.01
scenario_83,0.01
scenario_84,0.01
scenario_85,0.01
scenario_86,0.01
scenario_87,0.01
scenario_88,0.01
scenario_89,0.01
scenario_90,0.01
scenario_91,0.01
scenario_92,0.01
scenario_93,0.01
scenario_94,0.01
scenario_95,0.01
scenario_96,0.01
scenario_97,0.01
scenario_98,0.01
scenario_99,0.01
scenario_100,0.01
