configuration,day,r_id,mu,SOE_MWh,SOC
base_ramp_storage_envelopes_up_0_dn_0,1,101,0.0,435.25,0.5
base_ramp_storage_envelopes_up_0_dn_0,1,102,0.0,645.6999999999988,0.5
base_ramp_storage_envelopes_up_0_dn_0,1,103,0.0,405.9499999999999,0.5
base_ramp_storage_envelopes_up_0_dn_0,1,104,0.0,799.4499999999986,0.5
base_ramp_storage_envelopes_up_0_dn_0,1,105,0.0,575.349999999999,0.5
base_ramp_storage_envelopes_up_0_dn_0,1,106,0.0,703.5,0.5
base_ramp_storage_envelopes_up_0_dn_0,1,107,0.0,633.5,0.5
base_ramp_storage_envelopes_up_0_dn_0,1,108,0.0,438.0999999999992,0.5
base_ramp_storage_envelopes_up_0_dn_0,1,109,0.0,701.25,0.5
base_ramp_storage_envelopes_up_0_dn_0,1,110,0.0,630.75,0.5
base_ramp_storage_envelopes_up_0_dn_0,2,101,0.0,435.25,0.5
base_ramp_storage_envelopes_up_0_dn_0,2,102,0.0,645.6999999999988,0.5
base_ramp_storage_envelopes_up_0_dn_0,2,103,0.0,405.9499999999999,0.5
base_ramp_storage_envelopes_up_0_dn_0,2,104,0.0,799.4499999999986,0.5
base_ramp_storage_envelopes_up_0_dn_0,2,105,0.0,575.349999999999,0.5
base_ramp_storage_envelopes_up_0_dn_0,2,106,0.0,703.5,0.5
base_ramp_storage_envelopes_up_0_dn_0,2,107,0.0,633.5,0.5
base_ramp_storage_envelopes_up_0_dn_0,2,108,0.0,438.0999999999992,0.5
base_ramp_storage_envelopes_up_0_dn_0,2,109,0.0,701.25,0.5
base_ramp_storage_envelopes_up_0_dn_0,2,110,0.0,630.75,0.5
base_ramp_storage_envelopes_up_0_dn_0,3,101,0.0,435.25,0.5
base_ramp_storage_envelopes_up_0_dn_0,3,102,0.0,645.6999999999988,0.5
base_ramp_storage_envelopes_up_0_dn_0,3,103,0.0,405.9499999999999,0.5
base_ramp_storage_envelopes_up_0_dn_0,3,104,0.0,799.4499999999986,0.5
base_ramp_storage_envelopes_up_0_dn_0,3,105,0.0,575.349999999999,0.5
base_ramp_storage_envelopes_up_0_dn_0,3,106,0.0,703.5,0.5
base_ramp_storage_envelopes_up_0_dn_0,3,107,0.0,633.5,0.5
base_ramp_storage_envelopes_up_0_dn_0,3,108,0.0,438.0999999999992,0.5
base_ramp_storage_envelopes_up_0_dn_0,3,109,0.0,701.25,0.5
base_ramp_storage_envelopes_up_0_dn_0,3,110,0.0,630.75,0.5
base_ramp_storage_envelopes_up_0_dn_0,4,101,0.0,435.25,0.5
base_ramp_storage_envelopes_up_0_dn_0,4,102,0.0,645.6999999999988,0.5
base_ramp_storage_envelopes_up_0_dn_0,4,103,0.0,405.9499999999999,0.5
base_ramp_storage_envelopes_up_0_dn_0,4,104,0.0,799.4499999999986,0.5
base_ramp_storage_envelopes_up_0_dn_0,4,105,0.0,575.349999999999,0.5
base_ramp_storage_envelopes_up_0_dn_0,4,106,0.0,703.5,0.5
base_ramp_storage_envelopes_up_0_dn_0,4,107,0.0,633.5,0.5
base_ramp_storage_envelopes_up_0_dn_0,4,108,0.0,438.0999999999992,0.5
base_ramp_storage_envelopes_up_0_dn_0,4,109,0.0,701.25,0.5
base_ramp_storage_envelopes_up_0_dn_0,4,110,0.0,630.75,0.5
base_ramp_storage_envelopes_up_0_dn_0,5,101,0.0,435.25,0.5
base_ramp_storage_envelopes_up_0_dn_0,5,102,0.0,645.6999999999988,0.5
base_ramp_storage_envelopes_up_0_dn_0,5,103,0.0,405.9499999999999,0.5
base_ramp_storage_envelopes_up_0_dn_0,5,104,0.0,799.4499999999986,0.5
base_ramp_storage_envelopes_up_0_dn_0,5,105,0.0,575.349999999999,0.5
base_ramp_storage_envelopes_up_0_dn_0,5,106,0.0,703.5,0.5
base_ramp_storage_envelopes_up_0_dn_0,5,107,0.0,633.5,0.5
base_ramp_storage_envelopes_up_0_dn_0,5,108,0.0,438.0999999999992,0.5
base_ramp_storage_envelopes_up_0_dn_0,5,109,0.0,701.25,0.5
base_ramp_storage_envelopes_up_0_dn_0,5,110,0.0,630.75,0.5
base_ramp_storage_envelopes_up_0_dn_0,6,101,0.0,435.25,0.5
base_ramp_storage_envelopes_up_0_dn_0,6,102,0.0,645.6999999999988,0.5
base_ramp_storage_envelopes_up_0_dn_0,6,103,0.0,405.9499999999999,0.5
base_ramp_storage_envelopes_up_0_dn_0,6,104,0.0,799.4499999999986,0.5
base_ramp_storage_envelopes_up_0_dn_0,6,105,0.0,575.349999999999,0.5
base_ramp_storage_envelopes_up_0_dn_0,6,106,0.0,703.5,0.5
base_ramp_storage_envelopes_up_0_dn_0,6,107,0.0,633.5,0.5
base_ramp_storage_envelopes_up_0_dn_0,6,108,0.0,438.0999999999992,0.5
base_ramp_storage_envelopes_up_0_dn_0,6,109,0.0,701.25,0.5
base_ramp_storage_envelopes_up_0_dn_0,6,110,0.0,630.75,0.5
base_ramp_storage_envelopes_up_0_dn_0,7,101,0.0,435.25,0.5
base_ramp_storage_envelopes_up_0_dn_0,7,102,0.0,645.6999999999988,0.5
base_ramp_storage_envelopes_up_0_dn_0,7,103,0.0,405.9499999999999,0.5
base_ramp_storage_envelopes_up_0_dn_0,7,104,0.0,799.4499999999986,0.5
base_ramp_storage_envelopes_up_0_dn_0,7,105,0.0,575.349999999999,0.5
base_ramp_storage_envelopes_up_0_dn_0,7,106,0.0,703.5,0.5
base_ramp_storage_envelopes_up_0_dn_0,7,107,0.0,633.5,0.5
base_ramp_storage_envelopes_up_0_dn_0,7,108,0.0,438.0999999999992,0.5
base_ramp_storage_envelopes_up_0_dn_0,7,109,0.0,701.25,0.5
base_ramp_storage_envelopes_up_0_dn_0,7,110,0.0,630.75,0.5
base_ramp_storage_envelopes_up_0_2_dn_0_2,1,101,0.2,109.51143009025456,0.12580290647932738
base_ramp_storage_envelopes_up_0_2_dn_0_2,1,102,0.2,503.8621748584579,0.3901673957398629
base_ramp_storage_envelopes_up_0_2_dn_0_2,1,103,0.2,307.2715053157328,0.37845979223516707
base_ramp_storage_envelopes_up_0_2_dn_0_2,1,104,0.2,642.5062931771736,0.40184270009204626
base_ramp_storage_envelopes_up_0_2_dn_0_2,1,105,0.2,534.6562276598047,0.464635637142438
base_ramp_storage_envelopes_up_0_2_dn_0_2,1,106,0.2,622.8904242010686,0.44270819061909605
base_ramp_storage_envelopes_up_0_2_dn_0_2,1,107,0.2,621.2888600000005,0.4903621625887931
base_ramp_storage_envelopes_up_0_2_dn_0_2,1,108,0.2,377.3773977056377,0.4306977832750936
base_ramp_storage_envelopes_up_0_2_dn_0_2,1,109,0.2,701.25,0.5
base_ramp_storage_envelopes_up_0_2_dn_0_2,1,110,0.2,441.80494885068293,0.35022191744009795
base_ramp_storage_envelopes_up_0_2_dn_0_2,2,101,0.2,242.25285705612615,0.27829162212076497
base_ramp_storage_envelopes_up_0_2_dn_0_2,2,102,0.2,522.5403870821536,0.40463093315948073
base_ramp_storage_envelopes_up_0_2_dn_0_2,2,103,0.2,405.9499999999999,0.5
base_ramp_storage_envelopes_up_0_2_dn_0_2,2,104,0.2,791.9474096780805,0.4953076550616538
base_ramp_storage_envelopes_up_0_2_dn_0_2,2,105,0.2,527.5688627090404,0.4584764601625439
base_ramp_storage_envelopes_up_0_2_dn_0_2,2,106,0.2,608.2424087342209,0.4322973764990909
base_ramp_storage_envelopes_up_0_2_dn_0_2,2,107,0.2,595.9581732926982,0.4703695132539067
base_ramp_storage_envelopes_up_0_2_dn_0_2,2,108,0.2,28.69133875577048,0.032745193740892936
base_ramp_storage_envelopes_up_0_2_dn_0_2,2,109,0.2,630.8241848689069,0.44978551505804437
base_ramp_storage_envelopes_up_0_2_dn_0_2,2,110,0.2,413.73626495347764,0.327971672575092
base_ramp_storage_envelopes_up_0_2_dn_0_2,3,101,0.2,263.20911638641616,0.3023654409953089
base_ramp_storage_envelopes_up_0_2_dn_0_2,3,102,0.2,539.6603399433438,0.4178878271204453
base_ramp_storage_envelopes_up_0_2_dn_0_2,3,103,0.2,275.0067641912937,0.3387199953088964
base_ramp_storage_envelopes_up_0_2_dn_0_2,3,104,0.2,733.9105680447262,0.4590096741789527
base_ramp_storage_envelopes_up_0_2_dn_0_2,3,105,0.2,561.2746249755602,0.48776798902890484
base_ramp_storage_envelopes_up_0_2_dn_0_2,3,106,0.2,641.0184806095768,0.45559238138562624
base_ramp_storage_envelopes_up_0_2_dn_0_2,3,107,0.2,537.2134254142387,0.4240042820949011
base_ramp_storage_envelopes_up_0_2_dn_0_2,3,108,0.2,438.0999999999992,0.5
base_ramp_storage_envelopes_up_0_2_dn_0_2,3,109,0.2,614.5189208011346,0.4381596583252286
base_ramp_storage_envelopes_up_0_2_dn_0_2,3,110,0.2,163.40396544085115,0.1295314827117325
base_ramp_storage_envelopes_up_0_2_dn_0_2,4,101,0.2,90.76996483130017,0.10427336568788087
base_ramp_storage_envelopes_up_0_2_dn_0_2,4,102,0.2,574.66089858357,0.44499062922686256
base_ramp_storage_envelopes_up_0_2_dn_0_2,4,103,0.2,355.7693649132085,0.4381935766882725
base_ramp_storage_envelopes_up_0_2_dn_0_2,4,104,0.2,778.0738633986912,0.4866307232464138
base_ramp_storage_envelopes_up_0_2_dn_0_2,4,105,0.2,575.349999999999,0.5
base_ramp_storage_envelopes_up_0_2_dn_0_2,4,106,0.2,628.8104794256268,0.4469157636287308
base_ramp_storage_envelopes_up_0_2_dn_0_2,4,107,0.2,448.07225751997146,0.3536481906234984
base_ramp_storage_envelopes_up_0_2_dn_0_2,4,108,0.2,438.0999999999992,0.5
base_ramp_storage_envelopes_up_0_2_dn_0_2,4,109,0.2,699.7949999999987,0.49896256684491874
base_ramp_storage_envelopes_up_0_2_dn_0_2,4,110,0.2,183.65208241027926,0.14558230868829064
base_ramp_storage_envelopes_up_0_2_dn_0_2,5,101,0.2,9.064289014885423,0.010412738673044732
base_ramp_storage_envelopes_up_0_2_dn_0_2,5,102,0.2,570.1563991713828,0.4415025547246263
base_ramp_storage_envelopes_up_0_2_dn_0_2,5,103,0.2,394.1432840000003,0.4854579184628639
base_ramp_storage_envelopes_up_0_2_dn_0_2,5,104,0.2,729.608862477558,0.45631925853871924
base_ramp_storage_envelopes_up_0_2_dn_0_2,5,105,0.2,575.349999999999,0.5
base_ramp_storage_envelopes_up_0_2_dn_0_2,5,106,0.2,663.195212100536,0.47135409530954847
base_ramp_storage_envelopes_up_0_2_dn_0_2,5,107,0.2,611.4063559999996,0.4825622383583266
base_ramp_storage_envelopes_up_0_2_dn_0_2,5,108,0.2,376.40544643097314,0.4295885031168375
base_ramp_storage_envelopes_up_0_2_dn_0_2,5,109,0.2,638.3036063385663,0.4551184358920258
base_ramp_storage_envelopes_up_0_2_dn_0_2,5,110,0.2,199.09293309703173,0.15782238057632328
base_ramp_storage_envelopes_up_0_2_dn_0_2,6,101,0.2,253.7269880641764,0.29147270311795115
base_ramp_storage_envelopes_up_0_2_dn_0_2,6,102,0.2,441.0453714996104,0.34152498954592675
base_ramp_storage_envelopes_up_0_2_dn_0_2,6,103,0.2,320.2090710862396,0.39439471743594084
base_ramp_storage_envelopes_up_0_2_dn_0_2,6,104,0.2,729.6691531873171,0.45635696615630644
base_ramp_storage_envelopes_up_0_2_dn_0_2,6,105,0.2,575.349999999999,0.5
base_ramp_storage_envelopes_up_0_2_dn_0_2,6,106,0.2,579.4922665756841,0.41186372890951356
base_ramp_storage_envelopes_up_0_2_dn_0_2,6,107,0.2,631.4980280000013,0.4984199116022107
base_ramp_storage_envelopes_up_0_2_dn_0_2,6,108,0.2,438.0999999999992,0.5
base_ramp_storage_envelopes_up_0_2_dn_0_2,6,109,0.2,626.6692665152312,0.44682300642797407
base_ramp_storage_envelopes_up_0_2_dn_0_2,6,110,0.2,272.5041292299384,0.21601595658338366
base_ramp_storage_envelopes_up_0_2_dn_0_2,7,101,0.2,276.78702599912117,0.3179632693844001
base_ramp_storage_envelopes_up_0_2_dn_0_2,7,102,0.2,479.16729912569514,0.3710448343857024
base_ramp_storage_envelopes_up_0_2_dn_0_2,7,103,0.2,310.05770438258673,0.38189149449758086
base_ramp_storage_envelopes_up_0_2_dn_0_2,7,104,0.2,748.7983856010455,0.46832096166179576
base_ramp_storage_envelopes_up_0_2_dn_0_2,7,105,0.2,505.37048075886565,0.4391852618048725
base_ramp_storage_envelopes_up_0_2_dn_0_2,7,106,0.2,541.9605269864097,0.38518871854044767
base_ramp_storage_envelopes_up_0_2_dn_0_2,7,107,0.2,595.405768011833,0.46993351855708965
base_ramp_storage_envelopes_up_0_2_dn_0_2,7,108,0.2,316.3065509061336,0.36099811790245745
base_ramp_storage_envelopes_up_0_2_dn_0_2,7,109,0.2,652.5522803415096,0.46527791824706743
base_ramp_storage_envelopes_up_0_2_dn_0_2,7,110,0.2,504.3784669915822,0.399824389212511
base_ramp_storage_envelopes_up_0_4_dn_0_4,1,101,0.4,61.97828515515238,0.0711984895521567
base_ramp_storage_envelopes_up_0_4_dn_0_4,1,102,0.4,411.7596215297453,0.31884746904889716
base_ramp_storage_envelopes_up_0_4_dn_0_4,1,103,0.4,336.56455999999963,0.41453942603768956
base_ramp_storage_envelopes_up_0_4_dn_0_4,1,104,0.4,728.4464799999992,0.4555922696854091
base_ramp_storage_envelopes_up_0_4_dn_0_4,1,105,0.4,530.6712228713591,0.4611725235694449
base_ramp_storage_envelopes_up_0_4_dn_0_4,1,106,0.4,521.2856707315636,0.37049443548796224
base_ramp_storage_envelopes_up_0_4_dn_0_4,1,107,0.4,568.6775022549992,0.44883780762036385
base_ramp_storage_envelopes_up_0_4_dn_0_4,1,108,0.4,106.85625250902974,0.12195417999204493
base_ramp_storage_envelopes_up_0_4_dn_0_4,1,109,0.4,498.6640551337137,0.35555369349997484
base_ramp_storage_envelopes_up_0_4_dn_0_4,1,110,0.4,0.0,0.0
base_ramp_storage_envelopes_up_0_4_dn_0_4,2,101,0.4,0.0,0.0
base_ramp_storage_envelopes_up_0_4_dn_0_4,2,102,0.4,442.2779036827196,0.34247940505089053
base_ramp_storage_envelopes_up_0_4_dn_0_4,2,103,0.4,1.992684853411312,0.0024543476455367846
base_ramp_storage_envelopes_up_0_4_dn_0_4,2,104,0.4,604.7543700345904,0.378231515438482
base_ramp_storage_envelopes_up_0_4_dn_0_4,2,105,0.4,549.6951546836264,0.4777050097189761
base_ramp_storage_envelopes_up_0_4_dn_0_4,2,106,0.4,671.2015808029105,0.4770444781825963
base_ramp_storage_envelopes_up_0_4_dn_0_4,2,107,0.4,418.64190069607923,0.33041981112555596
base_ramp_storage_envelopes_up_0_4_dn_0_4,2,108,0.4,438.0999999999992,0.5
base_ramp_storage_envelopes_up_0_4_dn_0_4,2,109,0.4,486.0835601966924,0.34658364363400557
base_ramp_storage_envelopes_up_0_4_dn_0_4,2,110,0.4,0.0,0.0
base_ramp_storage_envelopes_up_0_4_dn_0_4,3,101,0.4,0.0,0.0
base_ramp_storage_envelopes_up_0_4_dn_0_4,3,102,0.4,238.5466454390929,0.18471940950835763
base_ramp_storage_envelopes_up_0_4_dn_0_4,3,103,0.4,204.91874400000003,0.2523940682350048
base_ramp_storage_envelopes_up_0_4_dn_0_4,3,104,0.4,665.4992909028953,0.4162232102713713
base_ramp_storage_envelopes_up_0_4_dn_0_4,3,105,0.4,575.349999999999,0.5
base_ramp_storage_envelopes_up_0_4_dn_0_4,3,106,0.4,636.9470601614903,0.45269869236779736
base_ramp_storage_envelopes_up_0_4_dn_0_4,3,107,0.4,242.23984398464015,0.19119166849616434
base_ramp_storage_envelopes_up_0_4_dn_0_4,3,108,0.4,354.52119147065264,0.4046121792634709
base_ramp_storage_envelopes_up_0_4_dn_0_4,3,109,0.4,662.8551544644996,0.47262399605311783
base_ramp_storage_envelopes_up_0_4_dn_0_4,3,110,0.4,0.0,0.0
base_ramp_storage_envelopes_up_0_4_dn_0_4,4,101,0.4,0.0,0.0
base_ramp_storage_envelopes_up_0_4_dn_0_4,4,102,0.4,358.74249291784764,0.2777934744601573
base_ramp_storage_envelopes_up_0_4_dn_0_4,4,103,0.4,313.5852960000009,0.3862363542308173
base_ramp_storage_envelopes_up_0_4_dn_0_4,4,104,0.4,732.1110236517848,0.4578841851596629
base_ramp_storage_envelopes_up_0_4_dn_0_4,4,105,0.4,12.680938100679073,0.011020194751611236
base_ramp_storage_envelopes_up_0_4_dn_0_4,4,106,0.4,622.8904242010686,0.44270819061909605
base_ramp_storage_envelopes_up_0_4_dn_0_4,4,107,0.4,463.8314160000004,0.3660863583267565
base_ramp_storage_envelopes_up_0_4_dn_0_4,4,108,0.4,351.99303473290894,0.4017268143493593
base_ramp_storage_envelopes_up_0_4_dn_0_4,4,109,0.4,692.077521681917,0.4934599085076053
base_ramp_storage_envelopes_up_0_4_dn_0_4,4,110,0.4,0.0,0.0
base_ramp_storage_envelopes_up_0_4_dn_0_4,5,101,0.4,0.0,0.0
base_ramp_storage_envelopes_up_0_4_dn_0_4,5,102,0.4,260.88525461756325,0.2020173878097906
base_ramp_storage_envelopes_up_0_4_dn_0_4,5,103,0.4,158.47787553943638,0.19519383611212748
base_ramp_storage_envelopes_up_0_4_dn_0_4,5,104,0.4,642.1729148933097,0.40163419531759886
base_ramp_storage_envelopes_up_0_4_dn_0_4,5,105,0.4,504.3302395474026,0.4382812544950053
base_ramp_storage_envelopes_up_0_4_dn_0_4,5,106,0.4,585.0007150566236,0.4157787598128096
base_ramp_storage_envelopes_up_0_4_dn_0_4,5,107,0.4,413.46901998154283,0.32633703234533845
base_ramp_storage_envelopes_up_0_4_dn_0_4,5,108,0.4,438.0999999999992,0.5
base_ramp_storage_envelopes_up_0_4_dn_0_4,5,109,0.4,612.0296189619189,0.43638475505306223
base_ramp_storage_envelopes_up_0_4_dn_0_4,5,110,0.4,0.0,0.0
base_ramp_storage_envelopes_up_0_4_dn_0_4,6,101,0.4,51.23155710758566,0.05885302367327472
base_ramp_storage_envelopes_up_0_4_dn_0_4,6,102,0.4,489.6927152841965,0.37919522633126646
base_ramp_storage_envelopes_up_0_4_dn_0_4,6,103,0.4,380.0010401029382,0.4680392167790833
base_ramp_storage_envelopes_up_0_4_dn_0_4,6,104,0.4,446.75128870231197,0.27941165094897263
base_ramp_storage_envelopes_up_0_4_dn_0_4,6,105,0.4,575.349999999999,0.5
base_ramp_storage_envelopes_up_0_4_dn_0_4,6,106,0.4,0.0,0.0
base_ramp_storage_envelopes_up_0_4_dn_0_4,6,107,0.4,633.5,0.5
base_ramp_storage_envelopes_up_0_4_dn_0_4,6,108,0.4,236.6731959481255,0.27011321153632206
base_ramp_storage_envelopes_up_0_4_dn_0_4,6,109,0.4,614.6104945882961,0.43822495157810687
base_ramp_storage_envelopes_up_0_4_dn_0_4,6,110,0.4,325.10236269699385,0.2577109494229041
base_ramp_storage_envelopes_up_0_4_dn_0_4,7,101,0.4,0.0,0.0
base_ramp_storage_envelopes_up_0_4_dn_0_4,7,102,0.4,535.4677053824361,0.4146412462307859
base_ramp_storage_envelopes_up_0_4_dn_0_4,7,103,0.4,237.54389775687005,0.2925777777520259
base_ramp_storage_envelopes_up_0_4_dn_0_4,7,104,0.4,629.5835192035734,0.39376040978395843
base_ramp_storage_envelopes_up_0_4_dn_0_4,7,105,0.4,534.9201261873458,0.4648649745262412
base_ramp_storage_envelopes_up_0_4_dn_0_4,7,106,0.4,540.1888381212334,0.3839295224742235
base_ramp_storage_envelopes_up_0_4_dn_0_4,7,107,0.4,419.43723494420834,0.33104754139242965
base_ramp_storage_envelopes_up_0_4_dn_0_4,7,108,0.4,401.22238400000043,0.45791187400136885
base_ramp_storage_envelopes_up_0_4_dn_0_4,7,109,0.4,566.454190654891,0.4038889059927932
base_ramp_storage_envelopes_up_0_4_dn_0_4,7,110,0.4,0.0,0.0
base_ramp_storage_envelopes_up_0_6_dn_0_6,1,101,0.6,0.0,0.0
base_ramp_storage_envelopes_up_0_6_dn_0_6,1,102,0.6,151.81733393767718,0.11756027097543514
base_ramp_storage_envelopes_up_0_6_dn_0_6,1,103,0.6,78.12822857387964,0.09622888111082586
base_ramp_storage_envelopes_up_0_6_dn_0_6,1,104,0.6,419.0078511594817,0.26206007327505204
base_ramp_storage_envelopes_up_0_6_dn_0_6,1,105,0.6,549.7727547698601,0.4777724470060486
base_ramp_storage_envelopes_up_0_6_dn_0_6,1,106,0.6,480.3291614885656,0.3413853315483766
base_ramp_storage_envelopes_up_0_6_dn_0_6,1,107,0.6,478.95808399999873,0.3780253228097864
base_ramp_storage_envelopes_up_0_6_dn_0_6,1,108,0.6,0.0,0.0
base_ramp_storage_envelopes_up_0_6_dn_0_6,1,109,0.6,407.1178944967984,0.29028013867864383
base_ramp_storage_envelopes_up_0_6_dn_0_6,1,110,0.6,60.10258657953551,0.0476437467931316
base_ramp_storage_envelopes_up_0_6_dn_0_6,2,101,0.6,25.517444125947787,0.029313548680008954
base_ramp_storage_envelopes_up_0_6_dn_0_6,2,102,0.6,0.0,0.0
base_ramp_storage_envelopes_up_0_6_dn_0_6,2,103,0.6,256.2507400403181,0.3156185983992082
base_ramp_storage_envelopes_up_0_6_dn_0_6,2,104,0.6,74.17977413815794,0.0463942548865833
base_ramp_storage_envelopes_up_0_6_dn_0_6,2,105,0.6,394.951449471841,0.3432271221620236
base_ramp_storage_envelopes_up_0_6_dn_0_6,2,106,0.6,74.99520678377492,0.05330149735875978
base_ramp_storage_envelopes_up_0_6_dn_0_6,2,107,0.6,596.2085347284806,0.47056711501853227
base_ramp_storage_envelopes_up_0_6_dn_0_6,2,108,0.6,180.50492415915545,0.20600881552060707
base_ramp_storage_envelopes_up_0_6_dn_0_6,2,109,0.6,701.25,0.5
base_ramp_storage_envelopes_up_0_6_dn_0_6,2,110,0.6,45.23825875055383,0.0358606886647275
base_ramp_storage_envelopes_up_0_6_dn_0_6,3,101,0.6,0.0,0.0
base_ramp_storage_envelopes_up_0_6_dn_0_6,3,102,0.6,0.0,0.0
base_ramp_storage_envelopes_up_0_6_dn_0_6,3,103,0.6,0.0,0.0
base_ramp_storage_envelopes_up_0_6_dn_0_6,3,104,0.6,484.2718771805792,0.30287815196733875
base_ramp_storage_envelopes_up_0_6_dn_0_6,3,105,0.6,257.27646436811506,0.22358257092909997
base_ramp_storage_envelopes_up_0_6_dn_0_6,3,106,0.6,512.9848174684398,0.3645947529981804
base_ramp_storage_envelopes_up_0_6_dn_0_6,3,107,0.6,505.5828364236368,0.3990393341938728
base_ramp_storage_envelopes_up_0_6_dn_0_6,3,108,0.6,325.78960211035445,0.37182104783194986
base_ramp_storage_envelopes_up_0_6_dn_0_6,3,109,0.6,302.7682132571788,0.21587751390886126
base_ramp_storage_envelopes_up_0_6_dn_0_6,3,110,0.6,0.0,0.0
base_ramp_storage_envelopes_up_0_6_dn_0_6,4,101,0.6,0.0,0.0
base_ramp_storage_envelopes_up_0_6_dn_0_6,4,102,0.6,120.22751656120325,0.09309858801394096
base_ramp_storage_envelopes_up_0_6_dn_0_6,4,103,0.6,325.53631514244967,0.4009561708861304
base_ramp_storage_envelopes_up_0_6_dn_0_6,4,104,0.6,592.6522643521971,0.3706624956859067
base_ramp_storage_envelopes_up_0_6_dn_0_6,4,105,0.6,392.066816979411,0.3407202719904498
base_ramp_storage_envelopes_up_0_6_dn_0_6,4,106,0.6,110.2553735926304,0.07836202813975145
base_ramp_storage_envelopes_up_0_6_dn_0_6,4,107,0.6,148.51522596746196,0.11721801575963876
base_ramp_storage_envelopes_up_0_6_dn_0_6,4,108,0.6,308.50457321791686,0.35209378363149574
base_ramp_storage_envelopes_up_0_6_dn_0_6,4,109,0.6,331.98541527072297,0.23670974350853732
base_ramp_storage_envelopes_up_0_6_dn_0_6,4,110,0.6,0.0,0.0
base_ramp_storage_envelopes_up_0_6_dn_0_6,5,101,0.6,0.0,0.0
base_ramp_storage_envelopes_up_0_6_dn_0_6,5,102,0.6,0.0,0.0
base_ramp_storage_envelopes_up_0_6_dn_0_6,5,103,0.6,0.0,0.0
base_ramp_storage_envelopes_up_0_6_dn_0_6,5,104,0.6,343.63497472076136,0.2149196164367769
base_ramp_storage_envelopes_up_0_6_dn_0_6,5,105,0.6,312.4487078079772,0.27152924985485094
base_ramp_storage_envelopes_up_0_6_dn_0_6,5,106,0.6,582.5856363016045,0.41406228592864436
base_ramp_storage_envelopes_up_0_6_dn_0_6,5,107,0.6,203.59780671540256,0.16069282297979684
base_ramp_storage_envelopes_up_0_6_dn_0_6,5,108,0.6,410.6002855994731,0.4686147975342076
base_ramp_storage_envelopes_up_0_6_dn_0_6,5,109,0.6,595.1606419167166,0.4243569639334887
base_ramp_storage_envelopes_up_0_6_dn_0_6,5,110,0.6,0.0,0.0
base_ramp_storage_envelopes_up_0_6_dn_0_6,6,101,0.6,32.82070084863549,0.0377032749553537
base_ramp_storage_envelopes_up_0_6_dn_0_6,6,102,0.6,0.0,0.0
base_ramp_storage_envelopes_up_0_6_dn_0_6,6,103,0.6,299.3343549771824,0.36868377260399404
base_ramp_storage_envelopes_up_0_6_dn_0_6,6,104,0.6,757.5284100634079,0.4737809807138708
base_ramp_storage_envelopes_up_0_6_dn_0_6,6,105,0.6,318.22741061700896,0.2765511520092199
base_ramp_storage_envelopes_up_0_6_dn_0_6,6,106,0.6,0.0,0.0
base_ramp_storage_envelopes_up_0_6_dn_0_6,6,107,0.6,633.5,0.5
base_ramp_storage_envelopes_up_0_6_dn_0_6,6,108,0.6,0.0,0.0
base_ramp_storage_envelopes_up_0_6_dn_0_6,6,109,0.6,435.3352485994864,0.31039946424205933
base_ramp_storage_envelopes_up_0_6_dn_0_6,6,110,0.6,193.21614111350092,0.15316380587673517
base_ramp_storage_envelopes_up_0_6_dn_0_6,7,101,0.6,0.0,0.0
base_ramp_storage_envelopes_up_0_6_dn_0_6,7,102,0.6,135.24107648725249,0.10472438941246107
base_ramp_storage_envelopes_up_0_6_dn_0_6,7,103,0.6,0.0,0.0
base_ramp_storage_envelopes_up_0_6_dn_0_6,7,104,0.6,563.5358239999764,0.3524522008880951
base_ramp_storage_envelopes_up_0_6_dn_0_6,7,105,0.6,319.2913381936442,0.2774757436287852
base_ramp_storage_envelopes_up_0_6_dn_0_6,7,106,0.6,13.797047618262475,0.009806003993079217
base_ramp_storage_envelopes_up_0_6_dn_0_6,7,107,0.6,428.30331170833495,0.33804523418179583
base_ramp_storage_envelopes_up_0_6_dn_0_6,7,108,0.6,202.60778012753005,0.23123462694308375
base_ramp_storage_envelopes_up_0_6_dn_0_6,7,109,0.6,601.9282979999994,0.4291823871657747
base_ramp_storage_envelopes_up_0_6_dn_0_6,7,110,0.6,526.7413752956412,0.41755162528389944
base_ramp_storage_envelopes_up_0_8_dn_0_8,1,101,0.8,0.0,0.0
base_ramp_storage_envelopes_up_0_8_dn_0_8,1,102,0.8,0.0,0.0
base_ramp_storage_envelopes_up_0_8_dn_0_8,1,103,0.8,0.0,0.0
base_ramp_storage_envelopes_up_0_8_dn_0_8,1,104,0.8,559.2110470644403,0.3497473557223352
base_ramp_storage_envelopes_up_0_8_dn_0_8,1,105,0.8,486.16971439387765,0.4224991000207505
base_ramp_storage_envelopes_up_0_8_dn_0_8,1,106,0.8,0.0,0.0
base_ramp_storage_envelopes_up_0_8_dn_0_8,1,107,0.8,343.21441911234035,0.2708874657555959
base_ramp_storage_envelopes_up_0_8_dn_0_8,1,108,0.8,0.0,0.0
base_ramp_storage_envelopes_up_0_8_dn_0_8,1,109,0.8,0.0,0.0
base_ramp_storage_envelopes_up_0_8_dn_0_8,1,110,0.8,82.30694955119252,0.06524530285469071
base_ramp_storage_envelopes_up_0_8_dn_0_8,2,101,0.8,0.0,0.0
base_ramp_storage_envelopes_up_0_8_dn_0_8,2,102,0.8,156.09093484421382,0.12086954843132537
base_ramp_storage_envelopes_up_0_8_dn_0_8,2,103,0.8,0.0,0.0
base_ramp_storage_envelopes_up_0_8_dn_0_8,2,104,0.8,2.313839439106725,0.0014471445613276157
base_ramp_storage_envelopes_up_0_8_dn_0_8,2,105,0.8,1.159493894704366,0.0010076422131783836
base_ramp_storage_envelopes_up_0_8_dn_0_8,2,106,0.8,0.0,0.0
base_ramp_storage_envelopes_up_0_8_dn_0_8,2,107,0.8,2.448915353884086,0.0019328455831760744
base_ramp_storage_envelopes_up_0_8_dn_0_8,2,108,0.8,438.0999999999992,0.5
base_ramp_storage_envelopes_up_0_8_dn_0_8,2,109,0.8,483.6912439454972,0.344877892296254
base_ramp_storage_envelopes_up_0_8_dn_0_8,2,110,0.8,222.96117902893667,0.17674290846526852
base_ramp_storage_envelopes_up_0_8_dn_0_8,3,101,0.8,0.0,0.0
base_ramp_storage_envelopes_up_0_8_dn_0_8,3,102,0.8,0.0,0.0
base_ramp_storage_envelopes_up_0_8_dn_0_8,3,103,0.8,0.0,0.0
base_ramp_storage_envelopes_up_0_8_dn_0_8,3,104,0.8,276.6864046056497,0.17304797336021635
base_ramp_storage_envelopes_up_0_8_dn_0_8,3,105,0.8,575.349999999999,0.5
base_ramp_storage_envelopes_up_0_8_dn_0_8,3,106,0.8,0.0,0.0
base_ramp_storage_envelopes_up_0_8_dn_0_8,3,107,0.8,318.7251697772882,0.25155893431514487
base_ramp_storage_envelopes_up_0_8_dn_0_8,3,108,0.8,2.7143825147791336,0.0030979028929230008
base_ramp_storage_envelopes_up_0_8_dn_0_8,3,109,0.8,46.9282410266735,0.033460421409392815
base_ramp_storage_envelopes_up_0_8_dn_0_8,3,110,0.8,0.0,0.0
base_ramp_storage_envelopes_up_0_8_dn_0_8,4,101,0.8,0.0,0.0
base_ramp_storage_envelopes_up_0_8_dn_0_8,4,102,0.8,0.0,0.0
base_ramp_storage_envelopes_up_0_8_dn_0_8,4,103,0.8,0.026880520957650447,3.310816720981703e-5
base_ramp_storage_envelopes_up_0_8_dn_0_8,4,104,0.8,2.181688840026682,0.0013644936143765599
base_ramp_storage_envelopes_up_0_8_dn_0_8,4,105,0.8,448.51599613604117,0.3897766543287062
base_ramp_storage_envelopes_up_0_8_dn_0_8,4,106,0.8,449.92357557155606,0.31977510701603135
base_ramp_storage_envelopes_up_0_8_dn_0_8,4,107,0.8,288.4571019665637,0.22766937803201526
base_ramp_storage_envelopes_up_0_8_dn_0_8,4,108,0.8,1.9007335643148073,0.002169291901751663
base_ramp_storage_envelopes_up_0_8_dn_0_8,4,109,0.8,2.291825851795258,0.0016341004290875282
base_ramp_storage_envelopes_up_0_8_dn_0_8,4,110,0.8,0.0,0.0
base_ramp_storage_envelopes_up_0_8_dn_0_8,5,101,0.8,0.0,0.0
base_ramp_storage_envelopes_up_0_8_dn_0_8,5,102,0.8,0.0,0.0
base_ramp_storage_envelopes_up_0_8_dn_0_8,5,103,0.8,404.2343662877975,0.4978868903655588
base_ramp_storage_envelopes_up_0_8_dn_0_8,5,104,0.8,274.57762931601974,0.17172908206643292
base_ramp_storage_envelopes_up_0_8_dn_0_8,5,105,0.8,0.0,0.0
base_ramp_storage_envelopes_up_0_8_dn_0_8,5,106,0.8,0.0,0.0
base_ramp_storage_envelopes_up_0_8_dn_0_8,5,107,0.8,479.83412400000066,0.3787167513812152
base_ramp_storage_envelopes_up_0_8_dn_0_8,5,108,0.8,0.0,0.0
base_ramp_storage_envelopes_up_0_8_dn_0_8,5,109,0.8,12.799005310361462,0.009125850488671275
base_ramp_storage_envelopes_up_0_8_dn_0_8,5,110,0.8,14.916587575165808,0.01182448479997289
base_ramp_storage_envelopes_up_0_8_dn_0_8,6,101,0.8,156.3457305972082,0.17960451533280675
base_ramp_storage_envelopes_up_0_8_dn_0_8,6,102,0.8,0.0,0.0
base_ramp_storage_envelopes_up_0_8_dn_0_8,6,103,0.8,0.0,0.0
base_ramp_storage_envelopes_up_0_8_dn_0_8,6,104,0.8,426.05517125551444,0.2664676785637095
base_ramp_storage_envelopes_up_0_8_dn_0_8,6,105,0.8,0.0,0.0
base_ramp_storage_envelopes_up_0_8_dn_0_8,6,106,0.8,77.12807854534267,0.05481739768681071
base_ramp_storage_envelopes_up_0_8_dn_0_8,6,107,0.8,481.8360959999993,0.3802968397790061
base_ramp_storage_envelopes_up_0_8_dn_0_8,6,108,0.8,98.74376838185944,0.11269546722421754
base_ramp_storage_envelopes_up_0_8_dn_0_8,6,109,0.8,339.7125000000007,0.24221925133689845
base_ramp_storage_envelopes_up_0_8_dn_0_8,6,110,0.8,15.065463003987588,0.011942499408630663
base_ramp_storage_envelopes_up_0_8_dn_0_8,7,101,0.8,0.0,0.0
base_ramp_storage_envelopes_up_0_8_dn_0_8,7,102,0.8,0.0,0.0
base_ramp_storage_envelopes_up_0_8_dn_0_8,7,103,0.8,0.0,0.0
base_ramp_storage_envelopes_up_0_8_dn_0_8,7,104,0.8,644.5516872231678,0.40312195085569386
base_ramp_storage_envelopes_up_0_8_dn_0_8,7,105,0.8,0.0,0.0
base_ramp_storage_envelopes_up_0_8_dn_0_8,7,106,0.8,0.0,0.0
base_ramp_storage_envelopes_up_0_8_dn_0_8,7,107,0.8,483.28784394576127,0.3814426550479558
base_ramp_storage_envelopes_up_0_8_dn_0_8,7,108,0.8,236.12154319630656,0.26948361469562593
base_ramp_storage_envelopes_up_0_8_dn_0_8,7,109,0.8,106.95316596230683,0.07625894186260757
base_ramp_storage_envelopes_up_0_8_dn_0_8,7,110,0.8,202.7032407279559,0.16068429704950965
base_ramp_storage_envelopes_up_1_dn_1,1,101,1.0,0.0,0.0
base_ramp_storage_envelopes_up_1_dn_1,1,102,1.0,0.0,0.0
base_ramp_storage_envelopes_up_1_dn_1,1,103,1.0,1.9439406605189746,0.002394310457592037
base_ramp_storage_envelopes_up_1_dn_1,1,104,1.0,36.97950767956983,0.02312809286357485
base_ramp_storage_envelopes_up_1_dn_1,1,105,1.0,243.85542511627352,0.21191920145674298
base_ramp_storage_envelopes_up_1_dn_1,1,106,1.0,0.0,0.0
base_ramp_storage_envelopes_up_1_dn_1,1,107,1.0,123.292744854575,0.09731076941955419
base_ramp_storage_envelopes_up_1_dn_1,1,108,1.0,41.080841604290484,0.04688523351322811
base_ramp_storage_envelopes_up_1_dn_1,1,109,1.0,7.97697781718532,0.005687684718135701
base_ramp_storage_envelopes_up_1_dn_1,1,110,1.0,0.0,0.0
base_ramp_storage_envelopes_up_1_dn_1,2,101,1.0,0.0,0.0
base_ramp_storage_envelopes_up_1_dn_1,2,102,1.0,0.0,0.0
base_ramp_storage_envelopes_up_1_dn_1,2,103,1.0,0.07065161912931557,8.702009992525628e-5
base_ramp_storage_envelopes_up_1_dn_1,2,104,1.0,82.22979345492831,0.051428978331933405
base_ramp_storage_envelopes_up_1_dn_1,2,105,1.0,55.705393600713485,0.048410005736259226
base_ramp_storage_envelopes_up_1_dn_1,2,106,1.0,0.0,0.0
base_ramp_storage_envelopes_up_1_dn_1,2,107,1.0,192.31601407778578,0.1517884878277709
base_ramp_storage_envelopes_up_1_dn_1,2,108,1.0,19.522094881538678,0.022280409588608396
base_ramp_storage_envelopes_up_1_dn_1,2,109,1.0,16.319482577675775,0.011635994707790212
base_ramp_storage_envelopes_up_1_dn_1,2,110,1.0,0.0,0.0
base_ramp_storage_envelopes_up_1_dn_1,3,101,1.0,0.0,0.0
base_ramp_storage_envelopes_up_1_dn_1,3,102,1.0,0.0,0.0
base_ramp_storage_envelopes_up_1_dn_1,3,103,1.0,0.42438280077203616,0.0005227032895332383
base_ramp_storage_envelopes_up_1_dn_1,3,104,1.0,212.50598698934454,0.1329076158542401
base_ramp_storage_envelopes_up_1_dn_1,3,105,1.0,96.0518597949239,0.08347254696699734
base_ramp_storage_envelopes_up_1_dn_1,3,106,1.0,0.0,0.0
base_ramp_storage_envelopes_up_1_dn_1,3,107,1.0,200.4422339229646,0.15820223671899317
base_ramp_storage_envelopes_up_1_dn_1,3,108,1.0,55.58393108533503,0.06343749267899457
base_ramp_storage_envelopes_up_1_dn_1,3,109,1.0,38.73329099451555,0.027617319782185783
base_ramp_storage_envelopes_up_1_dn_1,3,110,1.0,0.0,0.0
base_ramp_storage_envelopes_up_1_dn_1,4,101,1.0,4.938822096805565,0.005673546349001219
base_ramp_storage_envelopes_up_1_dn_1,4,102,1.0,0.0,0.0
base_ramp_storage_envelopes_up_1_dn_1,4,103,1.0,2.4770490739075295,0.0030509287768290794
base_ramp_storage_envelopes_up_1_dn_1,4,104,1.0,160.19629782998345,0.10019156784663419
base_ramp_storage_envelopes_up_1_dn_1,4,105,1.0,87.2873904408009,0.07585590548431469
base_ramp_storage_envelopes_up_1_dn_1,4,106,1.0,0.0,0.0
base_ramp_storage_envelopes_up_1_dn_1,4,107,1.0,131.4272226138742,0.10373103600147926
base_ramp_storage_envelopes_up_1_dn_1,4,108,1.0,33.94250593500351,0.03873830853116128
base_ramp_storage_envelopes_up_1_dn_1,4,109,1.0,25.108520352190098,0.01790268830815693
base_ramp_storage_envelopes_up_1_dn_1,4,110,1.0,0.0,0.0
base_ramp_storage_envelopes_up_1_dn_1,5,101,1.0,0.0,0.0
base_ramp_storage_envelopes_up_1_dn_1,5,102,1.0,14.34047617966187,0.011104596700992625
base_ramp_storage_envelopes_up_1_dn_1,5,103,1.0,0.0,0.0
base_ramp_storage_envelopes_up_1_dn_1,5,104,1.0,100.3243843298028,0.06274587799724987
base_ramp_storage_envelopes_up_1_dn_1,5,105,1.0,22.83134590108562,0.01984126696887601
base_ramp_storage_envelopes_up_1_dn_1,5,106,1.0,0.0,0.0
base_ramp_storage_envelopes_up_1_dn_1,5,107,1.0,70.04184619905757,0.05528164656594912
base_ramp_storage_envelopes_up_1_dn_1,5,108,1.0,11.536334713271309,0.013166325853996012
base_ramp_storage_envelopes_up_1_dn_1,5,109,1.0,18.186607732859713,0.012967278240898186
base_ramp_storage_envelopes_up_1_dn_1,5,110,1.0,0.0,0.0
base_ramp_storage_envelopes_up_1_dn_1,6,101,1.0,0.0,0.0
base_ramp_storage_envelopes_up_1_dn_1,6,102,1.0,313.6013949008493,0.2428383110584245
base_ramp_storage_envelopes_up_1_dn_1,6,103,1.0,0.0,0.0
base_ramp_storage_envelopes_up_1_dn_1,6,104,1.0,20.86954950765746,0.013052441996158298
base_ramp_storage_envelopes_up_1_dn_1,6,105,1.0,107.58261557856343,0.09349319160386166
base_ramp_storage_envelopes_up_1_dn_1,6,106,1.0,0.0,0.0
base_ramp_storage_envelopes_up_1_dn_1,6,107,1.0,0.0,0.0
base_ramp_storage_envelopes_up_1_dn_1,6,108,1.0,0.0,0.0
base_ramp_storage_envelopes_up_1_dn_1,6,109,1.0,140.2291163563774,0.09998510970151711
base_ramp_storage_envelopes_up_1_dn_1,6,110,1.0,0.0,0.0
base_ramp_storage_envelopes_up_1_dn_1,7,101,1.0,0.0,0.0
base_ramp_storage_envelopes_up_1_dn_1,7,102,1.0,0.0,0.0
base_ramp_storage_envelopes_up_1_dn_1,7,103,1.0,154.39009232891476,0.19015900028194951
base_ramp_storage_envelopes_up_1_dn_1,7,104,1.0,58.67404648316232,0.03669650790115851
base_ramp_storage_envelopes_up_1_dn_1,7,105,1.0,283.6105528178672,0.24646784810799363
base_ramp_storage_envelopes_up_1_dn_1,7,106,1.0,0.0,0.0
base_ramp_storage_envelopes_up_1_dn_1,7,107,1.0,222.3436223046172,0.1754882575411343
base_ramp_storage_envelopes_up_1_dn_1,7,108,1.0,17.632447749807273,0.020123770543035005
base_ramp_storage_envelopes_up_1_dn_1,7,109,1.0,23.1947333662511,0.01653813430748741
base_ramp_storage_envelopes_up_1_dn_1,7,110,1.0,0.0,0.0
