rho,mu,145,146,147,148,149,150,151,152,153,154,155,156,157,158,159,160,161,162,163,164,165,166,167,168
0.0,θUPDIS/RESUPDIS,1.0000000000000013,0.9201622304672354,0.8563638177498141,0.8540644352685755,0.8459191104620765,0.7481997988385917,0.6781930120623647,0.4583706607368598,0.23282962754646433,0.07218684864858117,0.09304225561621152,0.07014497269816712,0.05971297077370549,0.05596045213240274,0.03289192590435944,0.02489901395112116,0.022195688574517376,0.020091883652987644,0.018184495975434378,0.014990794322439086,0.01184544795297473,0.009501367677943297,0.012461112870515732,0.010199960846013047
0.0,θUPCH/RESUPCH,0.9999999999999973,0.9125844081680179,0.8510445935050349,0.8377290822370344,0.8367168862104917,0.7493709157793735,0.6567500982881221,0.4363214208666143,0.2070672179059668,0.0875993950369167,0.08157052779236432,0.06556211456143146,0.06945176457495285,0.05770489850501474,0.031071273233437207,0.02405585615102246,0.0213997329715082,0.02174903954273371,0.01479598882865876,0.014139352855839346,0.01138763888204118,0.00947609877758072,0.010888678448705426,0.008009735020496393
0.0,θDNDIS/RESDNDIS,1.0,0.9250485617572046,0.8971454192408977,0.8541520360505699,0.8228600542294586,0.8206876955009849,0.7498641344874921,0.6886905147249197,0.4715053473158157,0.21427379556891343,0.17636223759666525,0.08047679748406733,0.09540718954887474,0.08330364266804925,0.044051549791834774,0.037867985656449714,0.02869130180383927,0.03137834640360288,0.02374393216605296,0.02035571193899251,0.013031475102696718,0.012890471601600381,0.010443756845788466,0.009237892569858694
0.0,θDNCH/RESDNCH,1.0000000000000062,0.929157143492426,0.9062082793278964,0.8747401519532619,0.8230521968277126,0.8295967870474652,0.7493172001552575,0.6903286984424106,0.4905257405806013,0.23357894503840976,0.1927337857445169,0.08323147333061663,0.08185497220402035,0.07311309690486899,0.04612577896087841,0.04088760874379316,0.030416491053823595,0.026646787581755597,0.027008000762052974,0.022528516942314867,0.013180572068064406,0.013805410955156557,0.011409844627485503,0.012249194266886731
0.1,θUPDIS/RESUPDIS,0.9999999999999987,0.9129821416988217,0.8839459436797407,0.886701264238968,0.8339187034056363,0.784987656718851,0.6916042284490979,0.5065338682858994,0.2454693527272929,0.12997986838628522,0.10612561957536305,0.06578916409309953,0.04868755643212732,0.041021804237425595,0.029607474483941573,0.02565802339666973,0.02433330547066677,0.016465063307491302,0.01447031117712398,0.012979468634264817,0.009034119484624008,0.009107228141110715,0.009004196688640985,0.008602124887568178
0.1,θUPCH/RESUPCH,0.9999999999999976,0.9133213877033999,0.8827090152856385,0.8770522288984545,0.8408951672035863,0.7860903886645151,0.6813263870565106,0.47935457098879913,0.22933863922282363,0.12398786326181198,0.09449677176028008,0.061068987019034085,0.04796349056994126,0.042082339030367844,0.02804918814284802,0.024690778685645922,0.02272763154132523,0.017131497564066286,0.014056158850085279,0.011868899735669534,0.008747243170258953,0.008497186360811862,0.007981064275559177,0.006744454089027619
0.1,θDNDIS/RESDNDIS,1.0000000000000004,0.8976137632780465,0.8692553309687567,0.8183047158354991,0.7950611434670092,0.7126438490725858,0.4956093225095969,0.2841147324373254,0.14092902114693157,0.095391889505079,0.07487009549865273,0.042076967753748695,0.043117809314485944,0.03391696942331933,0.028755524198000808,0.0180219676532942,0.01670464458906044,0.020810963848818875,0.011269484992512065,0.011934036658261156,0.010420802257880352,0.007509634636997691,0.009149920862126577,0.005664777358031488
0.1,θDNCH/RESDNCH,0.9999999999999992,0.9003112236925849,0.8792438616248069,0.8330367372464594,0.8042604841918096,0.7341256421192078,0.5252883388441505,0.3035322225510642,0.14622037418776831,0.10228091880913782,0.07883631627589871,0.04568299345920144,0.0424781257773088,0.031820531414145016,0.030857493696921763,0.018342852340911146,0.017118031024126474,0.01958641195888714,0.013755109367020889,0.012682040605957873,0.011156699974884336,0.007852812820200712,0.010644116836536701,0.0070119258128499345
0.2,θUPDIS/RESUPDIS,0.9999999999999987,0.9151978046079848,0.8852656142164985,0.8433530810002056,0.8397321135144056,0.8263209399951812,0.7385334375287048,0.5912494637573193,0.3636689826278765,0.19487381327022765,0.13067084343637753,0.06665375460203034,0.05847076384094761,0.0382546376156801,0.03611769425438685,0.038692950788125215,0.02281674217892648,0.01903913276713771,0.024050132854295393,0.013704911326974956,0.009699764563397634,0.006944979083340315,0.006914378933849471,0.007448229311654485
0.2,θUPCH/RESUPCH,1.0000000000000022,0.9140077955520249,0.8786273124723339,0.8319074568934435,0.8357528766972565,0.8173810899171357,0.7310565963835771,0.5839537428249045,0.32922736547263154,0.1723343252977597,0.20903097200204013,0.06363094476718748,0.0680501842566901,0.04610540724376071,0.033968387784103805,0.034779413098416714,0.022272510751235642,0.019215544890250864,0.021233691826686062,0.013042357147258453,0.008812307280963922,0.006687585575853173,0.00617079666227977,0.005817693630131423
0.2,θDNDIS/RESDNDIS,0.9999999999999982,0.9119147967883824,0.87023977745808,0.8308519667143714,0.7851016731772696,0.7206698956268527,0.6552147671013079,0.3919313935901984,0.20842758873852235,0.10052351057559418,0.09588813461369088,0.08196642040676531,0.06625332319426405,0.04337004551033966,0.03312235185158994,0.02837797798596938,0.023948819449142702,0.011387764508184208,0.012153944527507246,0.007812399631127461,0.009323927416589214,0.006589138585238433,0.006024043197340197,0.006749762152984403
0.2,θDNCH/RESDNCH,1.0000000000000004,0.9141235001390173,0.8802406179186208,0.8455514606905976,0.7963540969676378,0.7356557573297375,0.6672894422866099,0.39906369075668263,0.2141193420877381,0.13372262074721428,0.09542708691940613,0.07940174214684712,0.04669205475448939,0.045591383367629405,0.03626994696827494,0.03079709869703735,0.026368263584600815,0.009271619664137273,0.015195323813262608,0.007754931633652948,0.010130637069096003,0.007144014507064804,0.006771351204432514,0.008871218165144058
0.3,θUPDIS/RESUPDIS,0.9999999999999947,0.9431169212823686,0.9293608691529167,0.8717133008703798,0.867082751981571,0.8269170107679679,0.7922911588282984,0.6048850889884441,0.3430403026673297,0.1753174937051256,0.09514270901888881,0.06879475931294594,0.05043150540544785,0.04007522555993129,0.031768811762289996,0.022760916057227944,1.3000474625100637e-12,1.0200360547628449e-12,1.0699946276514223e-12,1.198096044399697e-12,1.3888980626087954e-12,1.109480080884698e-12,1.3998366485647325e-12,1.8779466865322478e-12
0.3,θUPCH/RESUPCH,0.9999999999999994,0.9442547676751684,0.926195024619529,0.8673262421526706,0.8725557202002198,0.8233746604457304,0.7777084054844283,0.5867500988507,0.3259801688652526,0.1646716928914164,0.08642617493321506,0.06567775403780907,0.05773287724911711,0.03896081375301079,0.03072146250458097,0.02192417973004406,1.215364875955179e-12,1.0259627243992188e-12,9.897174020548017e-13,1.1436523643043911e-12,1.2702699233612322e-12,1.0697063680952282e-12,1.2443578961939743e-12,1.4444511219921288e-12
0.3,θDNDIS/RESDNDIS,1.000000000000002,0.9302412008845166,0.8526923978077214,0.8455967366264908,0.8210227092959509,0.7199738438333264,0.6411602370984224,0.47206901030128146,0.2357277250291124,0.11494857634223005,0.08003728457245025,0.05577810795097915,0.05369394837925122,0.036194966300635456,0.027693357956745598,0.026623992625890068,0.019285152273934517,0.01732566175245286,0.018375952029721566,0.011785851044303427,0.010452684349864974,9.414861216046225e-13,8.707788979028077e-13,9.717461311752728e-13
0.3,θDNCH/RESDNCH,1.0000000000000002,0.9352934981420632,0.8519305128278566,0.8599883948905229,0.8229164650774012,0.7261543509514614,0.647740045368627,0.48642068197697474,0.253652086883064,0.12199576497318647,0.08700956525093076,0.05725264873790435,0.0517399286315297,0.036527932995040945,0.02828604023254032,0.028498337938045307,0.019325482516566638,0.01801936578291129,0.01919319271954364,0.012362593782845727,0.011153305643599022,9.857372290441818e-13,9.441337812513402e-13,1.2374619316399124e-12
0.4,θUPDIS/RESUPDIS,1.0,0.925425343686829,0.8892481205121147,0.8964496524741544,0.8565603511096244,0.8464843087584701,0.7851671494446143,0.7745744892548886,0.6836557397019923,0.4956601972392121,0.21251101866789482,0.09397815998210061,0.112316479749751,0.05352143274972321,0.040704720524437445,0.04345170730429712,0.028876661206651583,0.02740935543003463,0.025248630131737167,0.016376610804961462,0.01457992963577119,0.011645248829213811,0.011676835708953098,0.013334417816872864
0.4,θUPCH/RESUPCH,0.9999999999999984,0.9230958178341578,0.8850397639911941,0.8855419101867251,0.8710041476049659,0.8466143338302377,0.7911453491230832,0.7849461827383986,0.688732996759641,0.4603848341589376,0.19758084920777103,0.07640439357539335,0.11784205512108448,0.05457385079234888,0.041267692755499824,0.04016278076967318,0.0287910606699137,0.027704933452277127,0.01934566176904488,0.01619147506424053,0.013692024318262549,0.010824226552697727,0.010259180676853429,0.01017198877368957
0.4,θDNDIS/RESDNDIS,1.000000000000004,0.9201166850560177,0.8956302386325206,0.8935037582240255,0.8896363600538466,0.8498432641641936,0.7878493676781311,0.7616578491874804,0.5974708868361444,0.3511182347456973,0.20330463053218112,0.11621969971827854,0.0890413149347899,0.10230717179620243,0.056845688421584446,0.04412397600621195,0.036038120640410135,0.02558106951328082,0.03539495847015756,0.02010338904398737,0.014672573580659026,0.012494797825880222,0.008544410178989898,0.006679549430003838
0.4,θDNCH/RESDNCH,0.999999999999997,0.9251483725356513,0.90577312012439,0.8971072984418244,0.8674570930843094,0.8501504178653236,0.7878162767840561,0.7516644433513926,0.5964874682428077,0.3897199867969143,0.20340001603810068,0.13666934888775822,0.08490923077170502,0.06755649161830653,0.05545055503488172,0.04669075944021446,0.038812065628214494,0.025697331434814633,0.028613825293191005,0.022539842312809387,0.015571710906706993,0.013748961109857707,0.009195045879941582,0.008965573092282757
0.5,θUPDIS/RESUPDIS,0.9999999999999997,0.9338020838983545,0.919261097140424,0.8873912495287792,0.8368229052457545,0.8635874690222823,0.8482344918708419,0.8180048571804724,0.7038470434105966,0.504629553821844,0.24474111127475773,0.12287163927012211,0.09754714973663152,0.05417245787401504,0.04685606777455022,0.03313925420049059,0.02882790763075375,0.027740882823074353,0.016998386019543905,0.020722699202190355,0.017735071778999426,0.012889994875583089,0.012350835952387371,0.015947367270086443
0.5,θUPCH/RESUPCH,0.9999999999999915,0.9313017613928649,0.9120469423380515,0.8778086394806062,0.8505743649716304,0.8660110994326223,0.8490006469489262,0.8207504753452989,0.7011457560225993,0.47293522039004493,0.2187196290724697,0.12217221837895849,0.1016369980325387,0.059803345362028776,0.04377628077468568,0.03153440497163816,0.02667456578046324,0.03241520150625765,0.018671719232700026,0.019107514966016523,0.016411175804339664,0.012071768987297843,0.010804329658912086,0.012125537522690945
0.5,θDNDIS/RESDNDIS,0.9999999999999921,0.9175662653554428,0.9167346938803722,0.8628381531212956,0.8792670537900015,0.8740028213272734,0.7800862200001168,0.6960876220660734,0.4475638115878852,0.20674319213420783,0.1136278563786,0.10028604553047114,0.07725688201840976,0.061059502502826685,0.07121279318975363,0.03195965427127079,0.023685195776035468,0.020373212898297872,0.01711987652538004,0.012010472040793673,0.009861962132475057,0.007722963502207087,0.007769115598624187,8.981594629929379e-12
0.5,θDNCH/RESDNCH,1.0000000000000089,0.9169391121644322,0.9270738162216479,0.8574981870029242,0.847042010797972,0.8775753853871942,0.7961517809294296,0.6853411531305655,0.4578810292832986,0.22477540159693182,0.12546943469710345,0.10545967893444157,0.08199365037850849,0.041108884039584896,0.05146263042646524,0.034038504954732714,0.02472233295076366,0.020283104232741163,0.01810377536553819,0.013803405309896606,0.010507276316304166,0.008162466317604419,0.008125790480735614,1.1989868377854959e-11
0.6,θUPDIS/RESUPDIS,1.0000000000000002,0.9523723466887251,0.9354508038136148,0.9085556220077657,0.8860181742623078,0.8647445065282452,0.8277371365389976,0.7746694512528963,0.6838221019163239,0.41964238488749817,0.19336220514634433,0.09173926991521163,0.05933577505607272,0.049243915820320894,0.03913476584196217,0.03100489281107795,0.02268269093236932,0.021535582184580973,0.024728889154105024,0.01440214053348142,0.011831690768467702,0.010576567328689265,0.010983249931898345,0.009637757917618908
0.6,θUPCH/RESUPCH,0.9999999999999957,0.9493977901613012,0.9305513304367397,0.901555300504384,0.8951352225602229,0.86583439299411,0.8300045433396728,0.7817014441567779,0.6695651720548316,0.3842876880453223,0.16856503883259644,0.08807514461551043,0.05946484312629761,0.06517323977865284,0.03663645763261192,0.029182021263098434,0.022238458021030673,0.021090024740853995,0.02149771697232535,0.013800085362534097,0.011370288377964121,0.010055716661863326,0.0098660704987509,0.007692834779665851
0.6,θDNDIS/RESDNDIS,0.9999999999999973,0.9594128343548408,0.954215505023048,0.9245020710645255,0.916208630280088,0.9096099924278904,0.8671344678644182,0.8769925445821061,0.8602333775880128,0.8186875176124079,0.688805920880295,0.5160844478988259,0.30567926924137107,0.15876789933739283,0.14744294180765977,0.08591469891094236,0.06220740526809674,0.046189137726779565,0.03851517485643291,0.03040242367168724,0.028714477316962077,0.019080675215274116,0.01964440615870924,0.015430737406812996
0.6,θDNCH/RESDNCH,1.0000000000000082,0.9598214727023232,0.9573743266796093,0.9187002325818036,0.8828472693878954,0.9071875284204155,0.871770314905771,0.8618250066202346,0.8495249328871187,0.8245079088917392,0.7092412619651506,0.5828832491683343,0.2662275694930477,0.1436725274133231,0.1510780778993915,0.0882125753829256,0.06568850177037482,0.04829291232188557,0.040906301858605436,0.03703354875397655,0.0311656427887828,0.019624976224303717,0.020670507790574662,0.01927989076530915
0.7,θUPDIS/RESUPDIS,0.999999999999999,0.9489149363346273,0.943734009947856,0.9325374284129171,0.9305197187916507,0.9334298737290605,0.9122608523466225,0.8675134431711689,0.8557820125415957,0.8457856898199729,0.7972674650702561,0.655593394783545,0.3529699234673497,0.237742243736087,0.14386518311306237,0.12753325184520997,0.10646331354579182,0.04597814896768603,0.035994606016727215,0.034073899517561027,0.027696104744246372,0.0340301211023819,0.021904816985333475,0.022074008904271483
0.7,θUPCH/RESUPCH,0.999999999999997,0.949628690587966,0.9380132190184451,0.9409363524271159,0.9502563719058538,0.9353319179993375,0.8949084954663825,0.8825428578290878,0.8664030814357687,0.8408051198646914,0.7720782042908886,0.6094082728164733,0.4227279460890295,0.28518767992011484,0.13940359702271374,0.12775443806827572,0.0973342703910973,0.04206499876749062,0.04127710065000513,0.027699550966209824,0.02701014957169539,0.030264475994743596,0.018284732064290068,0.01723200366868097
0.7,θDNDIS/RESDNDIS,0.9999999999999957,0.9517798708166627,0.9408050854232195,0.9478343960027168,0.9425420284049283,0.905374750694663,0.8846752958280171,0.8895923159035004,0.8722011443188311,0.8028022986676552,0.6682008063178114,0.4714201945678349,0.3122300088820243,0.1782059323679812,0.08080832785964842,0.08551958587291648,0.058231428582697496,0.03213357394526799,0.015089304247002349,1.0490721703264012e-12,1.3246627388680276e-12,1.3889426770560692e-12,1.7335323532301063e-12,1.8924591024229175e-12
0.7,θDNCH/RESDNCH,1.0000000000000044,0.9527314075790494,0.9473486187211823,0.9426978546854065,0.9164593730310095,0.8871963507312443,0.9067982074966147,0.8754524072995007,0.8618101274072587,0.8059325652534104,0.6958743103528122,0.5187243050313198,0.26585268549526386,0.14068859270953474,0.07776780786882363,0.08587030686508669,0.06027918378092762,0.035528820105620716,0.013781563897115323,1.1309254283427874e-12,1.42942594505661e-12,1.4930737213008012e-12,1.9962716027947493e-12,2.52734672619542e-12
0.8,θUPDIS/RESUPDIS,1.0000000000000078,0.9890702783028509,0.9822277545622753,0.938094903559338,0.940657392204391,0.9541744221953806,0.9467212394046619,0.921297484625015,0.8915192835423218,0.9113712769003443,0.8844224076013747,0.8271956963162752,0.6967666769548879,0.5043042033016776,0.2607414607030555,0.12874854734646762,0.11863088622447607,0.09519234073045213,0.05343166017670299,0.04776826573401039,0.031268255020823636,0.0288399178484732,0.01897134865198926,0.011144922363145415
0.8,θUPCH/RESUPCH,1.0000000000000313,0.9891782381993526,0.9835815737747052,0.9507479281761335,0.9607583129918207,0.9584051853758384,0.9325203919061275,0.9286444333867657,0.9061453162104082,0.9110567164074186,0.8747704319692232,0.8039612250060777,0.7289724168758324,0.5624047213099909,0.28344808549292,0.12164939830086514,0.10897929460013242,0.0856657788304063,0.05390939137541832,0.05186262056656061,0.03057481228600713,0.02711635253457015,0.01595806770688524,0.008713834866845658
0.8,θDNDIS/RESDNDIS,1.0000000000000069,0.974117985937863,0.9635305598171703,0.9611565654001871,0.9665252114068689,0.9503026885761867,0.9417104520553335,0.9427479637955384,0.9191921177414856,0.9362817937915436,0.918631009466386,0.8765378996168406,0.8745152589112437,0.8454753049570809,0.7257805517998656,0.43584764152629973,0.23580504238724395,0.13754214617545588,0.14349743734096254,0.06470881848173242,0.044771278860891515,0.04814502294354743,0.03502837226182227,0.029231981430114226
0.8,θDNCH/RESDNCH,0.9999999999999992,0.9753032086260394,0.9635641960718321,0.9518053756319694,0.9531216849059175,0.9424635946482748,0.9531032360544237,0.9357557068173584,0.9052593848045489,0.9379323410673344,0.9269560389684758,0.8820788414592615,0.8399494371757533,0.792460200000331,0.6789948562575228,0.42813046660526577,0.2527570086682614,0.13833401905745948,0.13721187668279197,0.06388169203788928,0.045822910842364034,0.051522904336555445,0.04032655625435067,0.03493056644163215
0.9,θUPDIS/RESUPDIS,0.9999999999999921,0.9999999999999971,0.9999999999999687,0.9942656824423214,0.9951318807307247,0.995597370551628,0.9956735758319113,0.9949270864190193,0.9588401667527975,0.9342518826398851,0.9213862695763266,0.9015794744249841,0.8747877959350224,0.8501961338048716,0.7762067778126355,0.6153233907108745,0.3185897802789909,0.14644853565081578,0.09966703212159715,0.07233456046884858,0.05803906918333406,0.052533675147986784,0.030444026310892935,0.02797214347068206
0.9,θUPCH/RESUPCH,0.9999999999999751,0.9999999999999906,0.9999999999999842,0.9946044798698357,0.9953430863562852,0.995695140746006,0.995674160105664,0.9953325354689769,0.9618241342886314,0.9375298370151012,0.9197970191176831,0.8953204941262398,0.881987971656009,0.8593928881331354,0.7888625547491841,0.6217997054031966,0.31793257018179466,0.14842579333151704,0.09659175123566571,0.052168842162524515,0.05059901901773055,0.0603295644951315,0.024262308662083173,0.04677146455935784
0.9,θDNDIS/RESDNDIS,1.0000000000000009,0.9780275530446485,0.9713949637874836,0.9646017836425281,0.9584200301268544,0.9548593833580861,0.9496900192812499,0.9575890067290482,0.9535220310146574,0.9484200606677787,0.9386699163798712,0.9252795619252085,0.9163879740537701,0.911753885606011,0.8862853430527189,0.8648999057085924,0.8075846502812171,0.7499859521670783,0.5673393880083576,0.3250450244528779,0.11475092496327069,0.054022652466766345,0.07195961226866915,0.05380968630917195
0.9,θDNCH/RESDNCH,1.0000000000000038,0.9781332084897182,0.9709743100157621,0.960686989488544,0.9509783513009906,0.95015945884413,0.951446975293479,0.9530732122138685,0.9451453512492821,0.9447395231894483,0.9408340111209628,0.9332983554818988,0.9106213445706827,0.9009752373907493,0.8716659768950574,0.857030892775161,0.8052990398711702,0.7432976315453079,0.5550875383390041,0.3264814386522917,0.11376762577117211,0.06021063248457591,0.07629196914358599,0.035904993720832945
0.99,θUPDIS/RESUPDIS,1.0000000000000104,0.9999999999999671,1.0000000000000389,0.9962686993270287,0.9958827630020505,0.9954751999400114,0.9946396324766282,0.9943269004951305,0.9946858419576231,0.9946754250548853,0.9944669481010142,0.9939257833027386,0.9933044297510369,0.9926376481115383,0.9924644576358556,0.9920607783227476,0.9911763272818374,0.9878741519361796,0.983285209929141,0.9745219233696235,0.960347195376982,0.9299251919112131,0.8700128651066874,0.6039934129160106
0.99,θUPCH/RESUPCH,0.9999999999999863,1.0000000000000147,0.999999999999966,0.9965315155318156,0.9962210594929943,0.9956945581755057,0.9947451986404943,0.9947491844860895,0.9950055543650231,0.9948532064895771,0.9945455301925901,0.9940673016577537,0.9937425541093483,0.9931706578090533,0.99286234125582,0.9923769821176114,0.9915298826007362,0.9884083508211758,0.9844490315047814,0.9764130267771821,0.9641416950800485,0.9386600457025969,0.8887918053944409,0.6394458000364267
0.99,θDNDIS/RESDNDIS,1.0000000000007392,0.9999999999991437,1.000000000000227,0.9999999999998371,1.0000000000000362,1.0000000000000129,1.0000000000000657,1.000000000000029,1.0000000000000615,1.000000000000077,0.9999999999999382,0.9999999999999998,1.0000000000000513,0.9999999999999852,1.0000000000000009,0.985237456736709,0.9734404382759813,0.9545107625172249,0.9337536132916654,0.9140651294890566,0.8537597355092992,0.5757724114279277,0.10111091071881818,0.1549217196477385
0.99,θDNCH/RESDNCH,1.0000000000008489,1.0000000000001181,1.0000000000000726,1.000000000000217,1.0000000000000226,0.999999999999978,0.9999999999999611,0.9999999999999516,0.9999999999999527,1.0000000000001115,1.000000000000042,0.9999999999999952,1.000000000000109,0.9999999999999363,0.9999999999999498,0.9835252809077115,0.970959102334831,0.9511540591033312,0.9272685496841001,0.9058896871534575,0.8478472951352951,0.5412821087777379,0.11268704760376343,0.11372789903338751
